16-й Микрорайон	16-й Микрорайон
18-й Микрорайон	18-й Микрорайон
19-й Микрорайон	19-й Микрорайон
1-й Микрорайон	1-й Микрорайон
20-й Микрорайон	20-й Микрорайон
2-й Микрорайон	2-й Микрорайон
3-й Микрорайон	3-й Микрорайон
Аульс	Аульс
Барановичи	Барановичи
Брилевичи-2	Брилевичи-2
Брилевичи-3	Брилевичи-3
Вишневец	Вишневец
Вишневец-1	Вишневец-1
Вишневец-2	Вишневец-2
Вишневец-3	Вишневец-3
Вишневец-4	Вишневец-4
Вишневец-5	Вишневец-5
Вишневец-6	Вишневец-6
Головичи	Головичи
Грандичи	Грандичи
Девятовка	Девятовка
Девятовка–1	Девятовка–1
Девятовка–2	Девятовка–2
Девятовка–3	Девятовка–3
Девятовка–4	Девятовка–4
Девятовка–5	Девятовка–5
Девятовка-6	Девятовка-6
Девятовка–7	Девятовка–7
Девятовка–9	Девятовка–9
Дружба пос.	Дружба пос.
Дуброва	Дуброва
Заболоть	Заболоть
Задвинье	Задвинье
Зарица	Зарица
Зарица-2	Зарица-2
Зарица-3	Зарица-3
Зарица-4	Зарица-4
Зарица-5	Зарица-5
Зеленый луг - 7	Зеленый луг - 7
Исторический центр города	Исторический центр города
Колбасино	Колбасино
Коложа	Коложа
Комсомольский	Комсомольский
Кульбаки	Кульбаки
Лапенки	Лапенки
Лебедевка-Юг	Лебедевка-Юг
Ленина Площадь	Ленина Площадь
Лососна	Лососна
Малаховичи	Малаховичи
Малыщина	Малыщина
микрорайон 17	микрорайон 17
микрорайон Юбилейный	микрорайон Юбилейный
Молодежный Микрорайон	Молодежный Микрорайон
Новики	Новики
Новый свет	Новый свет
Ольшанка	Ольшанка
Палестина	Палестина
Переселка	Переселка
Погораны-Кошевники	Погораны-Кошевники
Подкрыжаки	Подкрыжаки
Понемунь	Понемунь
Принеманский	Принеманский
Пышки	Пышки
Родники	Родники
Румлёво	Румлёво
Скоморошки	Скоморошки
Собачья Горка	Собачья Горка
Солы	Солы
Строителей	Строителей
Тарусичи	Тарусичи
Фабричный	Фабричный
Фолюш	Фолюш
Форты	Форты
Чещавляны	Чещавляны
Юго-Запад-3	Юго-Запад-3
Южный	Южный
Южный–2	Южный–2
Южный–3	Южный–3
Южный–4	Южный–4
Южный–5	Южный–5
